{
  "Author": "Jawslouis (modified by Renji)",
  "Name": "MakePlace Plugin",
  "Punchline": "Also requested by the Candyman.",
  "InternalName": "MakePlacePlugin",
  "AssemblyVersion": "2.13.0.0",
  "Description": "Automatically save & load the positions of house furniture. Import/export layouts from the MakePlace program.",
  "ApplicableVersion": "any",
  "RepoUrl": "https://github.com/SigoDest/sigodest.github.io",
  "Tags": [
    "makeplace",
    "housing",
    "furniture",
    "jawslouis"
  ],
  "DalamudApiLevel": 6,
  "LoadPriority": 0,
  "IconUrl": "https://raw.githubusercontent.com/jawslouis/MakePlacePlugin/master/icon.png"
}